<?xml version="1.0" encoding="UTF-8"?>
<project-private xmlns="http://www.netbeans.org/ns/project-private/1">
    <editor-bookmarks xmlns="http://www.netbeans.org/ns/editor-bookmarks/2" lastBookmarkId="0"/>
    <open-files xmlns="http://www.netbeans.org/ns/projectui-open-files/2">
        <group>
            <file>file:/C:/web3/a/Mercado%20SQL/web/index.html</file>
            <file>file:/C:/web3/a/Mercado%20SQL/web/cadastroVenda.jsp</file>
            <file>file:/C:/web3/a/Mercado%20SQL/web/listarVenda.jsp</file>
            <file>file:/C:/web3/a/Mercado%20SQL/web/cadastroVenda.html</file>
            <file>file:/C:/web3/a/Mercado%20SQL/web/ExcluirVenda.jsp</file>
        </group>
    </open-files>
</project-private>
